"0","bed_susp_2007_2023_mean = bed_susp_2007_2023 %>% group_by(year1) %>% select(-date, -month1) %>% summarise_all(~mean(., na.rm = T)) %>% mutate(statistic = 'C—Ä.–∑–Ω–∞—á')"
"0","bed_susp_2007_2023_sum = bed_susp_2007_2023 %>% group_by(year1) %>% select(-date,-month1)  %>% summarise_all(~sum(., na.rm = T)) %>% mutate(statistic = '–°—É–º–º–∞')"
"0","bed_susp_2007_2023_min = bed_susp_2007_2023 %>% group_by(year1) %>% select(-date,-month1)  %>% summarise_all(~min(., na.rm = T)) %>% mutate(statistic = 'Min')"
"2","Warning: [38;5;252mThere were 10 warnings in `summarise()`.
The first warning was:[39m
[38;5;252m[36m‚Ñπ[38;5;252m In argument: `bsd = (structure(function (..., .x = ..1, .y = ..2, . = ..1) ...`.
[36m‚Ñπ[38;5;252m In group 1: `year1 = 2015`.[39m
Caused by warning in `min()`:
[33m![39m no non-missing arguments to min; returning Inf
[38;5;252m[36m‚Ñπ[38;5;252m Run ]8;;ide:run:dplyr::last_dplyr_warnings()dplyr::last_dplyr_warnings()]8;; to see the 9 remaining warnings.[39m"
"0","bed_susp_2007_2023_max = bed_susp_2007_2023 %>% group_by(year1) %>% select(-date,-month1)  %>% summarise_all(~max(., na.rm = T)) %>% mutate(statistic = 'Max')"
"2","Warning: [38;5;252mThere were 10 warnings in `summarise()`.
The first warning was:[39m
[38;5;252m[36m‚Ñπ[38;5;252m In argument: `bsd = (structure(function (..., .x = ..1, .y = ..2, . = ..1) ...`.
[36m‚Ñπ[38;5;252m In group 1: `year1 = 2015`.[39m
Caused by warning in `max()`:
[33m![39m no non-missing arguments to max; returning -Inf
[38;5;252m[36m‚Ñπ[38;5;252m Run ]8;;ide:run:dplyr::last_dplyr_warnings()dplyr::last_dplyr_warnings()]8;; to see the 9 remaining warnings.[39m"
"0","bed_susp_2007_2023_D = bed_susp_2007_2023 %>% group_by(year1) %>% select(-date,-month1)  %>% summarise_all(~sd(., na.rm = T)) %>% mutate(statistic = '–°—Ä.–∫–≤.–æ—Ç–∫–ª.')"
"0",""
"0",""
"0",""
"0","bed_susp_2007_2023_stat = bind_rows(list(bed_susp_2007_2023_mean, bed_susp_2007_2023_sum, bed_susp_2007_2023_min, bed_susp_2007_2023_max, bed_susp_2007_2023_D)) %>% mutate(across(where(is.numeric), ~gtsummary::style_sigfig(., 3, big.mark = '') ) ) %>% apply(., 2, function(y) gsub(""*Inf"", NA, y)) %>% data.frame() %>% mutate_all(~replace(., is.na(.), '-'))"
"0",""
"0","colnames(bed_susp_2007_2023_stat ) = c("
"0","  '–ì–æ–¥'"
"0","  ,'–¢ –≤–æ–∑–¥–± –æ–°'"
"0","  ,'–û—Å–∞–¥–∫–∏, –º–º'"
"0","  ,'Q –ê, –º3/—Å'"
"0","  ,'SSC –ê, –º–≥/–ª'"
"0","  ,'R –ê, –∫–≥/—Å'"
"0","  ,'G –ê, –∫–≥/—Å'"
"0","  ,'D50 –ê, –º–º'"
"0","  ,'G –ë, –∫–≥/—Å'"
"0","  ,'D50 –ë, –º–º'"
"0","  ,'tsd, –∫–≥/—Å'"
"0","  ,'–°—Ç–∞—Ç–∏—Å—Ç–∏–∫–∞'"
"0",""
"0","  "
"0",")"
"0",""
"0","writexl::write_xlsx(bed_susp_2007_2023_stat, 'bed_susp_2007_2023_stat2.xlsx')"
"0",""
"0","rm(bed_susp_2007_2023_mean, bed_susp_2007_2023_sum, bed_susp_2007_2023_min, bed_susp_2007_2023_max, bed_susp_2007_2023_D)"
"0",""
